{"name":"t:sections.header.name","type":"header","sections":{"custom_liquid_gfN9jc":{"type":"custom-liquid","settings":{"custom_liquid":"<style>\n    \/* Announcement Bar Styling *\/\n    .marquee-bar {\n        background: #0D0D0D; \/* Dark background *\/\n        color: #FF6600; \/* Orange accent *\/\n        padding: 12px 40px;\n        font-size: 16px;\n        font-weight: bold;\n        font-family: Arial, sans-serif;\n        overflow: hidden;\n        white-space: nowrap;\n        position: relative;\n        width: 100%;\n        display: flex;\n        align-items: center;\n    }\n\n    .marquee-content {\n        display: inline-block;\n        white-space: nowrap;\n        animation: marquee 20s linear infinite;\n    }\n\n    @keyframes marquee {\n        from { transform: translateX(100%); }\n        to { transform: translateX(-100%); }\n    }\n\n    \/* Close Button *\/\n    .close-bar {\n        position: absolute;\n        right: 15px;\n        top: 50%;\n        transform: translateY(-50%);\n        background: #FF6600;\n        color: #0D0D0D;\n        border: none;\n        padding: 5px 10px;\n        font-size: 14px;\n        font-weight: bold;\n        cursor: pointer;\n        border-radius: 3px;\n    }\n\n    .close-bar:hover {\n        background: #FFA500; \/* Lighter orange *\/\n    }\n<\/style>\n\n<div class=\"marquee-bar\" id=\"announcement-bar\">\n    <button class=\"close-bar\" onclick=\"document.getElementById('announcement-bar').style.display='none'\">✖<\/button>\n    <div class=\"marquee-content\">\n        🚀 <strong>We’re Live!<\/strong> Welcome to <strong>FutureFi<\/strong> – Your New Destination for **Financial Technology**. 🎉 Enjoy **15% OFF** on Prepaid Orders! Use Code: <strong>FAMILY<\/strong> 💰✨ 🚚 **COD Available!** 🔥  \n    <\/div>\n<\/div>","color_scheme":"","padding_top":0,"padding_bottom":0}},"announcement-bar":{"type":"announcement-bar","blocks":{"announcement-bar-0":{"type":"announcement","settings":{"text":"Welcome to our store","link":""}}},"block_order":["announcement-bar-0"],"disabled":true,"settings":{"color_scheme":"scheme-1","show_line_separator":true,"show_social":false,"auto_rotate":false,"change_slides_speed":6,"enable_country_selector":false,"enable_language_selector":false}},"header":{"type":"header","settings":{"logo_position":"middle-left","menu":"main-menu","menu_type_desktop":"dropdown","sticky_header_type":"on-scroll-up","show_line_separator":true,"color_scheme":"scheme-1","menu_color_scheme":"scheme-4","enable_country_selector":true,"enable_language_selector":true,"enable_customer_avatar":true,"mobile_logo_position":"center","margin_bottom":0,"padding_top":20,"padding_bottom":20}}},"order":["custom_liquid_gfN9jc","announcement-bar","header"]}